day,inventory,demand,shortage,holding_cost,ordering_cost,shortage_cost
0,153,47,0,306,0,0
1,98,55,0,502,200,0
2,46,52,0,594,200,0
3,0,58,12,594,200,600
4,0,43,43,594,200,2750
5,0,46,46,594,200,5050
6,0,49,49,594,200,7500
7,150,52,0,894,200,7500
8,105,45,0,1104,400,7500
9,56,49,0,1216,400,7500
10,13,43,0,1242,400,7500
11,0,52,39,1242,400,9450
12,0,52,52,1242,400,12050
13,0,46,46,1242,400,14350
14,141,54,0,1524,400,14350
15,101,40,0,1726,600,14350
16,55,46,0,1836,600,14350
17,4,51,0,1844,600,14350
18,0,64,60,1844,600,17350
19,0,52,52,1844,600,19950
20,0,38,38,1844,600,21850
21,0,33,33,1844,600,23500
22,0,48,48,1844,600,25900
23,141,58,0,2126,600,25900
24,96,45,0,2318,800,25900
25,55,41,0,2428,800,25900
26,0,56,1,2428,800,25950
27,0,54,54,2428,800,28650
28,148,56,0,2724,800,28650
29,101,47,0,2926,1000,28650
30,55,46,0,3036,1000,28650
31,9,46,0,3054,1000,28650
32,0,55,46,3054,1000,30950
33,0,60,60,3054,1000,33950
34,0,40,40,3054,1000,35950
35,0,56,56,3054,1000,38750
36,143,56,0,3340,1000,38750
37,93,50,0,3526,1200,38750
38,47,46,0,3620,1200,38750
39,0,61,14,3620,1200,39450
40,0,48,48,3620,1200,41850
41,0,44,44,3620,1200,44050
42,0,45,45,3620,1200,46300
43,0,63,63,3620,1200,49450
44,0,53,53,3620,1200,52100
45,150,57,0,3920,1200,52100
46,90,60,0,4100,1400,52100
47,46,44,0,4192,1400,52100
48,0,48,2,4192,1400,52200
49,0,40,40,4192,1400,54200
50,0,65,65,4192,1400,57450
51,160,50,0,4512,1400,57450
52,91,69,0,4694,1600,57450
53,41,50,0,4776,1600,57450
54,0,45,4,4776,1600,57650
55,0,52,52,4776,1600,60250
56,0,34,34,4776,1600,61950
57,0,61,61,4776,1600,65000
58,168,41,0,5112,1600,65000
59,114,54,0,5340,1800,65000
60,67,47,0,5474,1800,65000
61,14,53,0,5502,1800,65000
62,0,39,25,5502,1800,66250
63,0,46,46,5502,1800,68550
64,0,54,54,5502,1800,71250
65,0,50,50,5502,1800,73750
66,0,53,53,5502,1800,76400
67,132,54,0,5766,1800,76400
68,68,64,0,5902,2000,76400
69,21,47,0,5944,2000,76400
70,0,45,24,5944,2000,77600
71,0,57,57,5944,2000,80450
72,0,51,51,5944,2000,83000
73,193,39,0,6330,2000,83000
74,132,61,0,6594,2000,83000
75,85,47,0,6764,2200,83000
76,25,60,0,6814,2200,83000
77,0,53,28,6814,2200,84400
78,0,52,52,6814,2200,87000
79,0,39,39,6814,2200,88950
80,0,51,51,6814,2200,91500
81,0,53,53,6814,2200,94150
82,0,55,55,6814,2200,96900
83,169,46,0,7152,2200,96900
84,116,53,0,7384,2400,96900
85,63,53,0,7510,2400,96900
86,24,39,0,7558,2400,96900
87,0,45,21,7558,2400,97950
88,0,60,60,7558,2400,100950
89,0,57,57,7558,2400,103800
90,0,52,52,7558,2400,106400
91,141,43,0,7840,2400,106400
92,96,45,0,8032,2600,106400
93,34,62,0,8100,2600,106400
94,0,48,14,8100,2600,107100
95,0,45,45,8100,2600,109350
96,146,58,0,8392,2600,109350
97,104,42,0,8600,2800,109350
98,40,64,0,8680,2800,109350
99,0,51,11,8680,2800,109900
100,0,41,41,8680,2800,111950
101,0,60,60,8680,2800,114950
102,0,54,54,8680,2800,117650
103,0,47,47,8680,2800,120000
104,139,57,0,8958,2800,120000
105,89,50,0,9136,3000,120000
106,35,54,0,9206,3000,120000
107,0,60,25,9206,3000,121250
108,0,47,47,9206,3000,123600
109,0,52,52,9206,3000,126200
110,0,49,49,9206,3000,128650
111,0,45,45,9206,3000,130900
112,0,29,29,9206,3000,132350
113,154,57,0,9514,3000,132350
114,113,41,0,9740,3200,132350
115,57,56,0,9854,3200,132350
116,4,53,0,9862,3200,132350
117,0,34,30,9862,3200,133850
118,0,51,51,9862,3200,136400
119,0,50,50,9862,3200,138900
120,0,57,57,9862,3200,141750
121,0,49,49,9862,3200,144200
122,0,58,58,9862,3200,147100
123,139,48,0,10140,3200,147100
124,97,42,0,10334,3400,147100
125,44,53,0,10422,3400,147100
126,0,51,7,10422,3400,147450
127,0,48,48,10422,3400,149850
128,0,47,47,10422,3400,152200
129,0,33,33,10422,3400,153850
130,0,59,59,10422,3400,156800
131,0,49,49,10422,3400,159250
132,0,50,50,10422,3400,161750
133,0,42,42,10422,3400,163850
134,155,48,0,10732,3400,163850
135,102,53,0,10936,3600,163850
136,55,47,0,11046,3600,163850
137,5,50,0,11056,3600,163850
138,0,53,48,11056,3600,166250
139,0,37,37,11056,3600,168100
140,0,64,64,11056,3600,171300
141,0,48,48,11056,3600,173700
142,149,49,0,11354,3600,173700
143,85,64,0,11524,3800,173700
144,48,37,0,11620,3800,173700
145,0,58,10,11620,3800,174200
146,0,57,57,11620,3800,177050
147,0,40,40,11620,3800,179050
148,0,53,53,11620,3800,181700
149,0,55,55,11620,3800,184450
150,170,45,0,11960,3800,184450
151,115,55,0,12190,4000,184450
152,68,47,0,12326,4000,184450
153,21,47,0,12368,4000,184450
154,0,59,38,12368,4000,186350
155,0,55,55,12368,4000,189100
156,135,50,0,12638,4000,189100
157,89,46,0,12816,4200,189100
158,23,66,0,12862,4200,189100
159,0,53,30,12862,4200,190600
160,0,45,45,12862,4200,192850
161,0,54,54,12862,4200,195550
162,0,39,39,12862,4200,197500
163,0,35,35,12862,4200,199250
164,162,49,0,13186,4200,199250
165,115,47,0,13416,4400,199250
166,74,41,0,13564,4400,199250
167,22,52,0,13608,4400,199250
168,0,38,16,13608,4400,200050
169,0,54,54,13608,4400,202750
170,0,47,47,13608,4400,205100
171,138,47,0,13884,4400,205100
172,82,56,0,14048,4600,205100
173,42,40,0,14132,4600,205100
174,7,35,0,14146,4600,205100
175,0,40,33,14146,4600,206750
176,0,55,55,14146,4600,209500
177,0,69,69,14146,4600,212950
178,0,45,45,14146,4600,215200
179,0,37,37,14146,4600,217050
180,165,53,0,14476,4600,217050
181,116,49,0,14708,4800,217050
182,64,52,0,14836,4800,217050
183,31,33,0,14898,4800,217050
184,0,49,18,14898,4800,217950
185,0,45,45,14898,4800,220200
186,0,49,49,14898,4800,222650
187,132,52,0,15162,4800,222650
188,78,54,0,15318,5000,222650
189,24,54,0,15366,5000,222650
190,0,61,37,15366,5000,224500
191,0,52,52,15366,5000,227100
192,0,63,63,15366,5000,230250
193,0,33,33,15366,5000,231900
194,0,47,47,15366,5000,234250
195,0,52,52,15366,5000,236850
196,164,58,0,15694,5000,236850
197,116,48,0,15926,5200,236850
198,58,58,0,16042,5200,236850
199,9,49,0,16060,5200,236850
200,0,67,58,16060,5200,239750
201,0,44,44,16060,5200,241950
202,132,52,0,16324,5200,241950
203,92,40,0,16508,5400,241950
204,42,50,0,16592,5400,241950
205,0,51,9,16592,5400,242400
206,0,60,60,16592,5400,245400
207,0,41,41,16592,5400,247450
208,0,56,56,16592,5400,250250
209,0,54,54,16592,5400,252950
210,0,41,41,16592,5400,255000
211,0,47,47,16592,5400,257350
212,0,48,48,16592,5400,259750
213,147,61,0,16886,5400,259750
214,97,50,0,17080,5600,259750
215,49,48,0,17178,5600,259750
216,0,50,1,17178,5600,259800
217,0,50,50,17178,5600,262300
218,0,53,53,17178,5600,264950
219,0,37,37,17178,5600,266800
220,0,41,41,17178,5600,268850
221,162,41,0,17502,5600,268850
222,119,43,0,17740,5800,268850
223,66,53,0,17872,5800,268850
224,23,43,0,17918,5800,268850
225,0,42,19,17918,5800,269800
226,0,42,42,17918,5800,271900
227,0,40,40,17918,5800,273900
228,138,43,0,18194,5800,273900
229,88,50,0,18370,6000,273900
230,35,53,0,18440,6000,273900
231,0,36,1,18440,6000,273950
232,0,57,57,18440,6000,276800
233,0,43,43,18440,6000,278950
234,0,47,47,18440,6000,281300
235,0,52,52,18440,6000,283900
236,0,49,49,18440,6000,286350
237,181,31,0,18802,6000,286350
238,131,50,0,19064,6000,286350
239,91,40,0,19246,6200,286350
240,46,45,0,19338,6200,286350
241,3,43,0,19344,6200,286350
242,160,52,0,19664,6200,286350
243,104,56,0,19872,6400,286350
244,66,38,0,20004,6400,286350
245,14,52,0,20032,6400,286350
246,0,49,35,20032,6400,288100
247,0,45,45,20032,6400,290350
248,0,53,53,20032,6400,293000
249,0,52,52,20032,6400,295600
250,157,39,0,20346,6400,295600
251,113,44,0,20572,6600,295600
252,75,38,0,20722,6600,295600
253,35,40,0,20792,6600,295600
254,0,57,22,20792,6600,296700
255,0,42,42,20792,6600,298800
256,124,63,0,21040,6600,298800
257,73,51,0,21186,6800,298800
258,17,56,0,21220,6800,298800
259,0,46,29,21220,6800,300250
260,0,50,50,21220,6800,302750
261,0,40,40,21220,6800,304750
262,182,45,0,21584,6800,304750
263,140,42,0,21864,6800,304750
264,89,51,0,22042,7000,304750
265,43,46,0,22128,7000,304750
266,0,45,2,22128,7000,304850
267,0,56,56,22128,7000,307650
268,0,49,49,22128,7000,310100
269,164,47,0,22456,7000,310100
270,124,40,0,22704,7000,310100
271,60,64,0,22824,7200,310100
272,9,51,0,22842,7200,310100
273,0,41,32,22842,7200,311700
274,0,43,43,22842,7200,313850
275,0,42,42,22842,7200,315950
276,0,53,53,22842,7200,318600
277,193,47,0,23228,7200,318600
278,145,48,0,23518,7200,318600
279,96,49,0,23710,7400,318600
280,41,55,0,23792,7400,318600
281,0,44,3,23792,7400,318750
282,157,47,0,24106,7400,318750
283,96,61,0,24298,7600,318750
284,43,53,0,24384,7600,318750
285,2,41,0,24388,7600,318750
286,0,52,50,24388,7600,321250
287,0,60,60,24388,7600,324250
288,0,41,41,24388,7600,326300
289,160,44,0,24708,7600,326300
290,113,47,0,24934,7800,326300
291,56,57,0,25046,7800,326300
292,12,44,0,25070,7800,326300
293,0,55,43,25070,7800,328450
294,0,54,54,25070,7800,331150
295,0,44,44,25070,7800,333350
296,144,43,0,25358,7800,333350
297,92,52,0,25542,8000,333350
298,43,49,0,25628,8000,333350
299,1,42,0,25630,8000,333350
300,0,50,49,25630,8000,335800
301,0,63,63,25630,8000,338950
302,154,54,0,25938,8000,338950
303,102,52,0,26142,8200,338950
304,53,49,0,26248,8200,338950
305,0,59,6,26248,8200,339250
306,0,52,52,26248,8200,341850
307,0,35,35,26248,8200,343600
308,0,57,57,26248,8200,346450
309,0,46,46,26248,8200,348750
310,0,51,51,26248,8200,351300
311,0,47,47,26248,8200,353650
312,0,55,55,26248,8200,356400
313,154,44,0,26556,8200,356400
314,113,41,0,26782,8400,356400
315,63,50,0,26908,8400,356400
316,1,62,0,26910,8400,356400
317,0,52,51,26910,8400,358950
318,0,41,41,26910,8400,361000
319,137,50,0,27184,8400,361000
320,100,37,0,27384,8600,361000
321,57,43,0,27498,8600,361000
322,6,51,0,27510,8600,361000
323,0,56,50,27510,8600,363500
324,0,50,50,27510,8600,366000
325,0,48,48,27510,8600,368400
326,0,42,42,27510,8600,370500
327,153,47,0,27816,8600,370500
328,100,53,0,28016,8800,370500
329,45,55,0,28106,8800,370500
330,1,44,0,28108,8800,370500
331,0,57,56,28108,8800,373300
332,0,53,53,28108,8800,375950
333,0,39,39,28108,8800,377900
334,142,58,0,28392,8800,377900
335,88,54,0,28568,9000,377900
336,45,43,0,28658,9000,377900
337,2,43,0,28662,9000,377900
338,0,48,46,28662,9000,380200
339,0,57,57,28662,9000,383050
340,0,45,45,28662,9000,385300
341,0,52,52,28662,9000,387900
342,0,53,53,28662,9000,390550
343,161,51,0,28984,9000,390550
344,105,56,0,29194,9200,390550
345,46,59,0,29286,9200,390550
346,0,60,14,29286,9200,391250
347,0,48,48,29286,9200,393650
348,0,45,45,29286,9200,395900
349,0,53,53,29286,9200,398550
350,154,41,0,29594,9200,398550
351,112,42,0,29818,9400,398550
352,67,45,0,29952,9400,398550
353,14,53,0,29980,9400,398550
354,0,43,29,29980,9400,400000
355,0,59,59,29980,9400,402950
356,0,52,52,29980,9400,405550
357,0,48,48,29980,9400,407950
358,138,50,0,30256,9400,407950
359,96,42,0,30448,9600,407950
360,58,38,0,30564,9600,407950
361,14,44,0,30592,9600,407950
362,0,45,31,30592,9600,409500
363,0,55,55,30592,9600,412250
364,153,51,0,30898,9600,412250
